Title,Authors,Link
IoT based Employee Wellness Program,IJRASET Publication,https://www.academia.edu/52392742/IoT_based_Employee_Wellness_Program?sm=b
Measure up Employee Wellness Competition,Jennifer Ventrelle,https://www.academia.edu/89624283/Measure_up_Employee_Wellness_Competition?sm=b
Is Employee Wellness Industry Specific?,Sulphey M M,https://www.academia.edu/31253836/Is_Employee_Wellness_Industry_Specific?sm=b
Construction &Validation of Employee Wellness Questionnaire,Sulphey M M,https://www.academia.edu/10630183/Construction_and_Validation_of_Employee_Wellness_Questionnaire?sm=b
Ramstrong: An Employee Wellness Initiative,Tina Hamlet,https://www.academia.edu/74310079/Ramstrong_An_Employee_Wellness_Initiative?sm=b
Employee Wellness Program in a Small Rural Industry: Employee Evaluation,Susan Gaskins,https://www.academia.edu/77766221/Employee_Wellness_Program_in_a_Small_Rural_Industry_Employee_Evaluation?sm=b
"Wellness, Work and Employee Assistance Programming",Rick Csiernik,https://www.academia.edu/23158664/Wellness_Work_and_Employee_Assistance_Programming?sm=b
The employee wellness and employee engagement relationship in a parastatal,Kiran Kumar,https://www.academia.edu/118859761/The_employee_wellness_and_employee_engagement_relationship_in_a_parastatal?sm=b
Employee Financial Wellness Survey 2015 results,Kent Allison,https://www.academia.edu/23095133/Employee_Financial_Wellness_Survey_2015_results?sm=b
The impact of employee wellness programme on employee wellness and performance : a Kwazulu-Natal Municipality case study,buhle makhanya,https://www.academia.edu/100344119/The_impact_of_employee_wellness_programme_on_employee_wellness_and_performance_a_Kwazulu_Natal_Municipality_case_study?sm=b
The impact of employee wellness programme on employee wellness and performance : a Kwazulu Natal case study,buhle makhanya,https://www.academia.edu/100344130/The_impact_of_employee_wellness_programme_on_employee_wellness_and_performance_a_Kwazulu_Natal_case_study?sm=b&rhid=30341057707
The Next Generation Employee Wellness Programs: Employees’ Perceptions on Corporate Wellness,Gabriele Liepinyte,https://www.academia.edu/112466582/The_Next_Generation_Employee_Wellness_Programs_Employees_Perceptions_on_Corporate_Wellness?sm=b&rhid=30341057707
Collaborative Employee Wellness: Living Healthy With Diabetes,Magaly Bittner,https://www.academia.edu/98566005/Collaborative_Employee_Wellness_Living_Healthy_With_Diabetes?sm=b&rhid=30341057707
"Wellness, Work and Employee Assistance Programming",Rick Csiernik,https://www.academia.edu/12834528/Wellness_Work_and_Employee_Assistance_Programming?sm=b&rhid=30341057707
The Next Generation Employee Wellness Programs: Employees’ Perceptions on Corporate Wellness,Gabriele Liepinyte,https://www.academia.edu/112466580/The_Next_Generation_Employee_Wellness_Programs_Employees_Perceptions_on_Corporate_Wellness?sm=b&rhid=30341057707
Evaluating Dartmouth’s Multi-Level Employee Wellness Initiative,Rebecca Butcher,https://www.academia.edu/86295303/Evaluating_Dartmouth_s_Multi_Level_Employee_Wellness_Initiative?sm=b&rhid=30341057707
Employee wellness in an ODL institutional contact centre,Annelize Van Niekerk,https://www.academia.edu/88285835/Employee_wellness_in_an_ODL_institutional_contact_centre?sm=b&rhid=30341057707
Employee Wellness day draft article by Mzi.pdf,Mziyanda Mphikwa,https://www.academia.edu/38124936/Employee_Wellness_day_draft_article_by_Mzi_pdf?sm=b&rhid=30341057707
Employee wellness in an ODL institutional contact centre,Anton Grobler,https://www.academia.edu/68217360/Employee_wellness_in_an_ODL_institutional_contact_centre?sm=b&rhid=30341057707
Employee wellness in an ODL institutional contact centre,Annelize Van Niekerk,https://www.academia.edu/77241590/Employee_wellness_in_an_ODL_institutional_contact_centre?sm=b&rhid=30341057707
Employee wellness in an ODL institutional contact centre,Yvonne Joubert,https://www.academia.edu/19497469/Employee_wellness_in_an_ODL_institutional_contact_centre?sm=b&rhid=30341057707
Employee wellness in an ODL institutional contact centre,Annelize Van Niekerk,https://www.academia.edu/19076947/Employee_wellness_in_an_ODL_institutional_contact_centre?sm=b&rhid=30341057707
Employee wellness on the frontline: an interactional psychology perspective,Maria Golubovskaya,https://www.academia.edu/121297166/Employee_wellness_on_the_frontline_an_interactional_psychology_perspective?sm=b&rhid=30341057707
Employee wellness on the frontline: an interactional psychology perspective,Maria Golubovskaya,https://www.academia.edu/121297185/Employee_wellness_on_the_frontline_an_interactional_psychology_perspective?sm=b&rhid=30341057707
Employee wellness in an ODL institutional contact centre,Annelize Van Niekerk,https://www.academia.edu/19444667/Employee_wellness_in_an_ODL_institutional_contact_centre?sm=b&rhid=30341057707
Employee perceptions of wellness programs in the hospitality industry,Susan Varga,https://www.academia.edu/62660230/Employee_perceptions_of_wellness_programs_in_the_hospitality_industry?sm=b&rhid=30341057707
07-03 Scotts Miracle-Gro: Mandatory Employee Wellness Programs,Claude Chu,https://www.academia.edu/9656040/07_03_Scotts_Miracle_Gro_Mandatory_Employee_Wellness_Programs?sm=b&rhid=30341057707
Employee wellness in an ODL institutional contact centre,Anton Grobler,https://www.academia.edu/48242164/Employee_wellness_in_an_ODL_institutional_contact_centre?sm=b&rhid=30341057707
An Overview of Iot in Employee Wellness in India,Dr. (Mrs.) Florence John (MCC),https://www.academia.edu/70026041/An_Overview_of_Iot_in_Employee_Wellness_in_India?sm=b&rhid=30341057707
Employee financial wellness programs: Opportunities to promote financial inclusion?,Geraldine Germain,https://www.academia.edu/108477289/Employee_financial_wellness_programs_Opportunities_to_promote_financial_inclusion?sm=b&rhid=30341057707
AI-Based Employee Wellness Programs: Enhancing Wellbeing and Productivity,Leo Bentley,https://www.academia.edu/122056003/AI_Based_Employee_Wellness_Programs_Enhancing_Wellbeing_and_Productivity?sm=b&rhid=30341057707
Identifying Risks Associated With Workplace Health and Employee Wellness,Nihal Wadid,https://www.academia.edu/113877257/Identifying_Risks_Associated_With_Workplace_Health_and_Employee_Wellness?sm=b&rhid=30341057707
Employee Financial Wellness Programs: Promising New Benefit for Frontline Workers?,Geraldine Germain,https://www.academia.edu/108477299/Employee_Financial_Wellness_Programs_Promising_New_Benefit_for_Frontline_Workers?sm=b&rhid=30341057707
Employee Financial Wellness Programs Project: Comprehensive Report of Findings,Geraldine Germain,https://www.academia.edu/86689023/Employee_Financial_Wellness_Programs_Project_Comprehensive_Report_of_Findings?sm=b&rhid=30341057707
Identifying Risks Associated With Workplace Health and Employee Wellness,Nihal Wadid,https://www.academia.edu/85231825/Identifying_Risks_Associated_With_Workplace_Health_and_Employee_Wellness?sm=b&rhid=30341057707
"Religion, an obstacle to workplace spirituality and employee wellness?",Alan Bester,https://www.academia.edu/89228741/Religion_an_obstacle_to_workplace_spirituality_and_employee_wellness?sm=b&rhid=30341057707
72 EMERGING VOICES: LIMITATIONS & LEGAL IMPLICATIONS OF EMPLOYEE WELLNESS PROGRAMS,Rajat Koshal,https://www.academia.edu/4423779/72_EMERGING_VOICES_LIMITATIONS_and_LEGAL_IMPLICATIONS_OF_EMPLOYEE_WELLNESS_PROGRAMS?sm=b&rhid=30341057707
Improving Stage of Change in an Employee Wellness Program,Sarah Ailey,https://www.academia.edu/108455422/Improving_Stage_of_Change_in_an_Employee_Wellness_Program?sm=b&rhid=30341057707
Enhancing Employee Well-being: Corporate Workplace Wellness Training in Canada,Rana Aiman Khalid,https://www.academia.edu/114292726/Enhancing_Employee_Well_being_Corporate_Workplace_Wellness_Training_in_Canada?sm=b&rhid=30341057707
Predictors of Weight Change: Findings From an Employee Wellness Program,Randyl Cochran,https://www.academia.edu/59653958/Predictors_of_Weight_Change_Findings_From_an_Employee_Wellness_Program?sm=b&rhid=30341057707
Assessing employee interest in wellness programs at colleges and universities,Weston Kensinger,https://www.academia.edu/25090380/Assessing_employee_interest_in_wellness_programs_at_colleges_and_universities?sm=b&rhid=30341057707
Employee Financial Wellness Programs: Promising New Benefit for Frontline Workers?,Geraldine Germain,https://www.academia.edu/86688985/Employee_Financial_Wellness_Programs_Promising_New_Benefit_for_Frontline_Workers?sm=b&rhid=30341057707
310 Outcomes of a Sleep and Stress-Focused Employee Wellness Program,Joshua C Eyer,https://www.academia.edu/100398796/310_Outcomes_of_a_Sleep_and_Stress_Focused_Employee_Wellness_Program?sm=b&rhid=30341057707
Predictors of Weight Change: Findings From an Employee Wellness Program,Randyl Cochran,https://www.academia.edu/59653971/Predictors_of_Weight_Change_Findings_From_an_Employee_Wellness_Program?sm=b&rhid=30341057707
Employee Financial Wellness Programs: Differences in Reach by Financial Circumstances,Geraldine Germain,https://www.academia.edu/120227429/Employee_Financial_Wellness_Programs_Differences_in_Reach_by_Financial_Circumstances?sm=b&rhid=30341057707
Incorporating wellness into employee benefit strategies--why it makes sense,mac McCarthy,https://www.academia.edu/105958884/Incorporating_wellness_into_employee_benefit_strategies_why_it_makes_sense?sm=b&rhid=30341057707
Importance of workplace wellness programmes in protection of employee health,Slavica Lazarević,https://www.academia.edu/99552436/Importance_of_workplace_wellness_programmes_in_protection_of_employee_health?sm=b&rhid=30341057707
Genesis of an Employee Wellness Program at a Large University,Janet Bezner,https://www.academia.edu/85627315/Genesis_of_an_Employee_Wellness_Program_at_a_Large_University?sm=b&rhid=30341057707
Industry Collaboration to Develop Employee Wellness and Health Management Measures,Karen Moseley,https://www.academia.edu/116569670/Industry_Collaboration_to_Develop_Employee_Wellness_and_Health_Management_Measures?sm=b&rhid=30341057707
"Working for wellness: defining, measuring, and enhancing employee well-being",Kathryn Page,https://www.academia.edu/67498513/Working_for_wellness_defining_measuring_and_enhancing_employee_well_being?sm=b&rhid=30341057707
